{"cameraMode":{"drawMode":0,"name":"Shaded","section":"Shading Mode"},"sceneLighting":true,"audioPlay":false,"sceneViewState":{"showFog":true,"showMaterialUpdate":false,"showSkybox":true,"showFlares":true,"showImageEffects":true,"showParticleSystems":true},"in2DMode":false,"pivot":{"x":0.011482775211334229,"y":1.4166545867919922,"z":0.0},"rotation":{"x":-0.3685188591480255,"y":-0.006152372341603041,"z":0.0024057370610535146,"w":-0.9296359419822693},"size":3.4475865364074709,"orthographic":false}